{"cameraMode":{"drawMode":0,"name":"Shaded","section":"Shading Mode"},"sceneLighting":true,"audioPlay":false,"sceneViewState":{"showFog":true,"showMaterialUpdate":true,"showSkybox":true,"showFlares":true,"showImageEffects":true,"showParticleSystems":true},"in2DMode":false,"pivot":{"x":3.6822614669799806,"y":-31.334705352783204,"z":42.46662521362305},"rotation":{"x":-0.35804110765457156,"y":-0.05762328952550888,"z":0.02216404862701893,"w":-0.931675910949707},"size":30.584423065185548,"orthographic":false}